Cluster_ID	Alleles
1	HLA-B*39:06;HLA-B*81:01
2	H2-D1b;H2-L*03;H2-Ld-2;H2-Q10*02;H2-Q7*01;HLA-A*01:01;HLA-A*0201;HLA-A*0207;HLA-A*0296;HLA-A*02:01;HLA-A*02:03;HLA-A*02:16;HLA-A*02:19;HLA-A*02:50;HLA-A*0301;HLA-A*0306;HLA-A*0307;HLA-A*0310;HLA-A*0313;HLA-A*0315;HLA-A*0316;HLA-A*0319;HLA-A*0320;HLA-A*0322;HLA-A*0327;HLA-A*0328;HLA-A*0331;HLA-A*0335;HLA-A*0338;HLA-A*0340;HLA-A*0342;HLA-A*0343;HLA-A*0344;HLA-A*0345;HLA-A*0346;HLA-A*0349;HLA-A*0350;HLA-A*0351;HLA-A*0352;HLA-A*0353;HLA-A*0354;HLA-A*0356;HLA-A*0360;HLA-A*0361;HLA-A*0362;HLA-A*0364;HLA-A*0365;HLA-A*0366;HLA-A*0373;HLA-A*0374;HLA-A*0375;HLA-A*03:01;HLA-A*24:03;HLA-A*26:01;HLA-A*30:02;HLA-A*32:01;HLA-A*33:01;HLA-A*66:01;HLA-A*68:02;HLA-A*68:23;HLA-A*7413;HLA-A*80:01;HLA-A*9221;HLA-B*0702;HLA-B*0704;HLA-B*0705;HLA-B*0706;HLA-B*0707;HLA-B*0709;HLA-B*0712;HLA-B*0714;HLA-B*0717;HLA-B*0718;HLA-B*0719;HLA-B*0720;HLA-B*0722;HLA-B*0724;HLA-B*0725;HLA-B*0726;HLA-B*0728;HLA-B*0731;HLA-B*0733;HLA-B*0734;HLA-B*0735;HLA-B*0740;HLA-B*0742;HLA-B*0743;HLA-B*0744;HLA-B*0745;HLA-B*0748;HLA-B*0751;HLA-B*0752;HLA-B*0753;HLA-B*0755;HLA-B*0758;HLA-B*0759;HLA-B*0760;HLA-B*0761;HLA-B*0762;HLA-B*0764;HLA-B*0766;HLA-B*0774;HLA-B*0777;HLA-B*0778;HLA-B*0780;HLA-B*0782;HLA-B*0784;HLA-B*0787;HLA-B*0789;HLA-B*0790;HLA-B*0793;HLA-B*0795;HLA-B*0796;HLA-B*0798;HLA-B*0799;HLA-B*0852;HLA-B*08:01;HLA-B*08:03;HLA-B*14:02;HLA-B*15:01;HLA-B*15:09;HLA-B*15:10;HLA-B*15:17;HLA-B*15:42;HLA-B*2705;HLA-B*2713;HLA-B*27:04;HLA-B*27:09;HLA-B*27:10;HLA-B*3501;HLA-B*3502;HLA-B*3503;HLA-B*3504;HLA-B*3505;HLA-B*3506;HLA-B*3508;HLA-B*3509;HLA-B*3512;HLA-B*3514;HLA-B*3515;HLA-B*3517;HLA-B*3518;HLA-B*3521;HLA-B*3522;HLA-B*3523;HLA-B*3524;HLA-B*3530;HLA-B*3531;HLA-B*3532;HLA-B*3533;HLA-B*3534;HLA-B*3535;HLA-B*3537;HLA-B*3538;HLA-B*3539;HLA-B*3541;HLA-B*3542;HLA-B*3544;HLA-B*3545;HLA-B*3548;HLA-B*3551;HLA-B*3555;HLA-B*3557;HLA-B*3558;HLA-B*3559;HLA-B*3560;HLA-B*3561;HLA-B*3562;HLA-B*3564;HLA-B*3565;HLA-B*3566;HLA-B*3567;HLA-B*3568;HLA-B*3570;HLA-B*3571;HLA-B*3575;HLA-B*3579;HLA-B*3581;HLA-B*3583;HLA-B*3586;HLA-B*3587;HLA-B*3588;HLA-B*3589;HLA-B*3591;HLA-B*3593;HLA-B*3594;HLA-B*3596;HLA-B*3598;HLA-B*3599;HLA-B*35:01;HLA-B*39:09;HLA-B*40:02;HLA-B*4201;HLA-B*4204;HLA-B*4205;HLA-B*4206;HLA-B*4208;HLA-B*4210;HLA-B*4212;HLA-B*4213;HLA-B*42:02;HLA-B*4406;HLA-B*44:03;HLA-B*45:06;HLA-B*48:01;HLA-B*5101;HLA-B*5102;HLA-B*5103;HLA-B*5104;HLA-B*5105;HLA-B*5106;HLA-B*5108;HLA-B*5109;HLA-B*5113;HLA-B*5114;HLA-B*5115;HLA-B*5116;HLA-B*5117;HLA-B*5118;HLA-B*5119;HLA-B*5121;HLA-B*5123;HLA-B*5124;HLA-B*5129;HLA-B*5130;HLA-B*5131;HLA-B*5132;HLA-B*5134;HLA-B*5135;HLA-B*5136;HLA-B*5137;HLA-B*5138;HLA-B*5140;HLA-B*5142;HLA-B*5145;HLA-B*5146;HLA-B*5148;HLA-B*5149;HLA-B*5151;HLA-B*5153;HLA-B*5155;HLA-B*5156;HLA-B*5159;HLA-B*5161;HLA-B*5162;HLA-B*5163;HLA-B*5164;HLA-B*5165;HLA-B*5169;HLA-B*5170;HLA-B*5171;HLA-B*5172;HLA-B*5175;HLA-B*5176;HLA-B*5180;HLA-B*5181;HLA-B*5182;HLA-B*5184;HLA-B*5185;HLA-B*5186;HLA-B*5187;HLA-B*5188;HLA-B*5190;HLA-B*5191;HLA-B*5192;HLA-B*5193;HLA-B*5194;HLA-B*5195;HLA-B*5201;HLA-B*5301;HLA-B*5302;HLA-B*5304;HLA-B*5306;HLA-B*5307;HLA-B*5308;HLA-B*5314;HLA-B*5315;HLA-B*5319;HLA-B*5320;HLA-B*5322;HLA-B*53:01;HLA-B*5510;HLA-B*5701;HLA-B*5702;HLA-B*5703;HLA-B*5704;HLA-B*5705;HLA-B*5706;HLA-B*5707;HLA-B*5709;HLA-B*5711;HLA-B*5713;HLA-B*5714;HLA-B*5717;HLA-B*5718;HLA-B*5719;HLA-B*5721;HLA-B*5722;HLA-B*5724;HLA-B*5725;HLA-B*5726;HLA-B*5727;HLA-B*5729;HLA-B*5730;HLA-B*5731;HLA-B*57:02;HLA-B*58:01;HLA-B*58:02;HLA-B*6701;HLA-B*73:01;HLA-B*7802;HLA-B*7804;HLA-B*8101;HLA-B*8102;HLA-B*8103;HLA-C*0303;HLA-C*0304;HLA-C*0318;HLA-C*0611;HLA-C*0702;HLA-C*0704;HLA-C*0705;HLA-C*0708;HLA-C*0710;HLA-C*0711;HLA-C*0712;HLA-C*0713;HLA-C*0714;HLA-C*0715;HLA-C*0717;HLA-C*0723;HLA-C*0725;HLA-C*0727;HLA-C*0729;HLA-C*0731;HLA-C*0737;HLA-C*0738;HLA-C*0741;HLA-C*0742;HLA-C*0743;HLA-C*0745;HLA-C*0747;HLA-C*0748;HLA-C*0750;HLA-C*0754;HLA-C*0756;HLA-C*0763;HLA-C*0766;HLA-C*0767;HLA-C*0768;HLA-C*0774;HLA-C*0787;HLA-C*0799;HLA-C*07:02;HLA-C*0801;HLA-C*0802;HLA-C*0803;HLA-C*0804;HLA-C*0806;HLA-C*0807;HLA-C*0808;HLA-C*0809;HLA-C*0811;HLA-C*0812;HLA-C*0813;HLA-C*0815;HLA-C*0819;HLA-C*0820;HLA-C*0822;HLA-C*0823;HLA-C*0824;HLA-C*0827;HLA-C*0829;HLA-C*0830;HLA-C*0831;HLA-C*1212;HLA-C*14:02;HLA-C*1510;HLA-C*1601;HLA-C*1604;HLA-C*1606;HLA-C*1607;HLA-G*0101;HLA-G*0104;HLA-G*0106;HLA-G*0108;HLA-G*0109;HLA-G*0114;HLA-G*0115;HLA-G*0116;HLA-G*0117;MH1-K1b;MH1-N*00602;MH1-N*01802
3	H2-D1*02;HLA-A*11:02;HLA-A*26:02;HLA-A*31:01;HLA-B*15:03;HLA-B*27:03;HLA-B*4402;HLA-B*4403;HLA-B*4404;HLA-B*4405;HLA-B*4410;HLA-B*4414;HLA-B*4416;HLA-B*4417;HLA-B*4420;HLA-B*4421;HLA-B*4427;HLA-B*4428;HLA-B*4429;HLA-B*4430;HLA-B*4431;HLA-B*4433;HLA-B*4435;HLA-B*4436;HLA-B*4437;HLA-B*4438;HLA-B*4441;HLA-B*4442;HLA-B*4443;HLA-B*4445;HLA-B*4447;HLA-B*4448;HLA-B*4451;HLA-B*4453;HLA-B*4454;HLA-B*4459;HLA-B*4462;HLA-B*4464;HLA-B*4465;HLA-B*4466;HLA-B*4468;HLA-B*4470;HLA-B*4471;HLA-B*4473;HLA-B*4474;HLA-B*4476;HLA-B*4477;HLA-B*4478;HLA-B*4479;HLA-B*4482;HLA-B*4487;HLA-B*4488;HLA-B*4489;HLA-B*4491;HLA-B*4492;HLA-B*4494;HLA-B*4496;HLA-B*4498;HLA-B*4499;HLA-B*44:02;HLA-B*4704;HLA-B*53:01;MH1-A*01;MH1-N*01301
4	HLA-A*0205;HLA-A*0206;HLA-A*0210;HLA-A*0214;HLA-A*0251;HLA-A*0257;HLA-A*0279;HLA-A*02:04;HLA-A*02:07;HLA-A*69:01;HLA-B*0801;HLA-B*0807;HLA-B*0809;HLA-B*0811;HLA-B*0812;HLA-B*0813;HLA-B*0814;HLA-B*0818;HLA-B*0820;HLA-B*0821;HLA-B*0822;HLA-B*0825;HLA-B*0827;HLA-B*0828;HLA-B*0831;HLA-B*0833;HLA-B*0835;HLA-B*0837;HLA-B*0839;HLA-B*0840;HLA-B*0842;HLA-B*0843;HLA-B*0848;HLA-B*0849;HLA-B*0853;HLA-B*0855;HLA-B*0858;HLA-B*0860;HLA-B*27:05;HLA-B*42:01;HLA-B*9580;HLA-C*0501;HLA-C*0503;HLA-C*0504;HLA-C*0505;HLA-C*0508;HLA-C*0509;HLA-C*0510;HLA-C*0511;HLA-C*0512;HLA-C*0514;HLA-C*0516;HLA-C*0517;HLA-C*0518;HLA-C*0519;HLA-C*0522;HLA-C*0523;HLA-C*0527;HLA-C*0531;HLA-C*0534;HLA-C*0537;HLA-C*0538;HLA-C*0539;HLA-C*0541;HLA-C*0602;HLA-C*0606;HLA-C*0612;HLA-C*0617;HLA-C*0624;HLA-C*0810;HLA-C*1221;HLA-C*1233;HLA-C*1801;HLA-C*1802;MH1-K1b;RT1-A
5	H2-D1b;H2-Q10*02;HLA-A*0101;HLA-A*0103;HLA-A*0106;HLA-A*0108;HLA-A*0110;HLA-A*0112;HLA-A*0114;HLA-A*0119;HLA-A*0121;HLA-A*0125;HLA-A*0126;HLA-A*0130;HLA-A*0132;HLA-A*0135;HLA-A*0136;HLA-A*0137;HLA-A*0138;HLA-A*0139;HLA-A*0140;HLA-A*0141;HLA-A*0142;HLA-A*0144;HLA-A*0145;HLA-A*0146;HLA-A*0148;HLA-A*0149;HLA-A*0150;HLA-A*0154;HLA-A*0155;HLA-A*0201;HLA-A*0203;HLA-A*0204;HLA-A*0206;HLA-A*0207;HLA-A*0209;HLA-A*0210;HLA-A*0212;HLA-A*0213;HLA-A*0216;HLA-A*0217;HLA-A*0218;HLA-A*0219;HLA-A*0222;HLA-A*0224;HLA-A*0225;HLA-A*0226;HLA-A*0227;HLA-A*0233;HLA-A*0236;HLA-A*0237;HLA-A*0238;HLA-A*0239;HLA-A*0240;HLA-A*0249;HLA-A*0251;HLA-A*0252;HLA-A*0257;HLA-A*0258;HLA-A*0260;HLA-A*0264;HLA-A*0265;HLA-A*0266;HLA-A*0267;HLA-A*0268;HLA-A*0271;HLA-A*0273;HLA-A*0274;HLA-A*0275;HLA-A*0277;HLA-A*0279;HLA-A*0280;HLA-A*0285;HLA-A*0286;HLA-A*0289;HLA-A*0293;HLA-A*0295;HLA-A*0296;HLA-A*0297;HLA-A*02:01;HLA-A*02:02;HLA-A*02:03;HLA-A*02:06;HLA-A*03:02;HLA-A*03:19;HLA-A*23:01;HLA-A*24:02;HLA-A*26:02;HLA-A*29:02;HLA-A*30:01;HLA-A*30:02;HLA-A*32:01;HLA-A*32:15;HLA-A*3601;HLA-A*3602;HLA-A*3603;HLA-A*3604;HLA-A*3605;HLA-A*68:02;HLA-A*9201;HLA-A*9202;HLA-A*9204;HLA-A*9205;HLA-A*9210;HLA-A*9211;HLA-A*9214;HLA-A*9217;HLA-A*9218;HLA-A*9221;HLA-A*9230;HLA-A*9231;HLA-A*9232;HLA-A*9234;HLA-A*9235;HLA-A*9240;HLA-A*9245;HLA-A*9247;HLA-A*9248;HLA-A*9249;HLA-A*9251;HLA-A*9252;HLA-A*9253;HLA-A*9256;HLA-A*9257;HLA-A*9259;HLA-A*9262;HLA-A*9263;HLA-A*9264;HLA-A*9265;HLA-A*9266;HLA-A*9267;HLA-A*9268;HLA-A*9271;HLA-A*9274;HLA-A*9277;HLA-A*9282;HLA-A*9283;HLA-A*9287;HLA-A*9288;HLA-A*9289;HLA-A*9290;HLA-A*9291;HLA-A*9293;HLA-A*9294;HLA-A*9297;HLA-A*9298;HLA-A*9299;HLA-B*0702;HLA-B*0704;HLA-B*0705;HLA-B*0706;HLA-B*0707;HLA-B*0709;HLA-B*0712;HLA-B*0714;HLA-B*0717;HLA-B*0718;HLA-B*0719;HLA-B*0720;HLA-B*0722;HLA-B*0724;HLA-B*0725;HLA-B*0726;HLA-B*0728;HLA-B*0731;HLA-B*0733;HLA-B*0734;HLA-B*0735;HLA-B*0740;HLA-B*0742;HLA-B*0743;HLA-B*0744;HLA-B*0745;HLA-B*0748;HLA-B*0751;HLA-B*0752;HLA-B*0753;HLA-B*0755;HLA-B*0758;HLA-B*0759;HLA-B*0760;HLA-B*0761;HLA-B*0762;HLA-B*0764;HLA-B*0766;HLA-B*0774;HLA-B*0777;HLA-B*0778;HLA-B*0780;HLA-B*0782;HLA-B*0784;HLA-B*0787;HLA-B*0789;HLA-B*0790;HLA-B*0793;HLA-B*0795;HLA-B*0796;HLA-B*0798;HLA-B*0799;HLA-B*0801;HLA-B*0807;HLA-B*0809;HLA-B*0811;HLA-B*0812;HLA-B*0813;HLA-B*0814;HLA-B*0815;HLA-B*0818;HLA-B*0820;HLA-B*0821;HLA-B*0822;HLA-B*0825;HLA-B*0827;HLA-B*0828;HLA-B*0831;HLA-B*0833;HLA-B*0835;HLA-B*0837;HLA-B*0839;HLA-B*0840;HLA-B*0842;HLA-B*0843;HLA-B*0848;HLA-B*0849;HLA-B*0853;HLA-B*0855;HLA-B*0858;HLA-B*0860;HLA-B*08:02;HLA-B*2703;HLA-B*3508;HLA-B*3563;HLA-B*3578;HLA-B*35:03;HLA-B*38:01;HLA-B*39:01;HLA-B*4001;HLA-B*4014;HLA-B*4015;HLA-B*4016;HLA-B*4023;HLA-B*4030;HLA-B*4031;HLA-B*4032;HLA-B*4033;HLA-B*4034;HLA-B*4036;HLA-B*4038;HLA-B*4042;HLA-B*4045;HLA-B*4048;HLA-B*4051;HLA-B*4052;HLA-B*4053;HLA-B*4054;HLA-B*4055;HLA-B*4059;HLA-B*4060;HLA-B*4062;HLA-B*4063;HLA-B*4065;HLA-B*4067;HLA-B*4072;HLA-B*4077;HLA-B*4080;HLA-B*4087;HLA-B*4088;HLA-B*4092;HLA-B*4101;HLA-B*4102;HLA-B*4103;HLA-B*4104;HLA-B*4106;HLA-B*4107;HLA-B*4108;HLA-B*4109;HLA-B*4110;HLA-B*4201;HLA-B*4204;HLA-B*4205;HLA-B*4206;HLA-B*4208;HLA-B*4210;HLA-B*4212;HLA-B*4213;HLA-B*4402;HLA-B*4403;HLA-B*4404;HLA-B*4405;HLA-B*4410;HLA-B*4414;HLA-B*4416;HLA-B*4417;HLA-B*4420;HLA-B*4421;HLA-B*4427;HLA-B*4428;HLA-B*4429;HLA-B*4430;HLA-B*4431;HLA-B*4433;HLA-B*4435;HLA-B*4436;HLA-B*4437;HLA-B*4438;HLA-B*4441;HLA-B*4442;HLA-B*4443;HLA-B*4445;HLA-B*4447;HLA-B*4448;HLA-B*4451;HLA-B*4453;HLA-B*4454;HLA-B*4459;HLA-B*4462;HLA-B*4464;HLA-B*4465;HLA-B*4466;HLA-B*4468;HLA-B*4470;HLA-B*4471;HLA-B*4473;HLA-B*4474;HLA-B*4476;HLA-B*4477;HLA-B*4478;HLA-B*4479;HLA-B*4482;HLA-B*4487;HLA-B*4488;HLA-B*4489;HLA-B*4491;HLA-B*4492;HLA-B*4494;HLA-B*4496;HLA-B*4498;HLA-B*4499;HLA-B*4501;HLA-B*4502;HLA-B*4503;HLA-B*4504;HLA-B*4505;HLA-B*4507;HLA-B*4508;HLA-B*4509;HLA-B*4510;HLA-B*4511;HLA-B*46:01;HLA-B*4704;HLA-B*5001;HLA-B*5002;HLA-B*5004;HLA-B*5008;HLA-B*5009;HLA-B*51:01;HLA-B*52:01;HLA-B*54:01;HLA-B*5510;HLA-B*55:01;HLA-B*57:01;HLA-B*58:02;HLA-B*6701;HLA-B*8101;HLA-B*8102;HLA-B*8103;HLA-B*9580;HLA-C*0318;HLA-C*0813;HLA-C*08:02;HLA-C*1202;HLA-C*1203;HLA-C*1206;HLA-C*1208;HLA-C*1210;HLA-C*1211;HLA-C*1213;HLA-C*1214;HLA-C*1215;HLA-C*1218;HLA-C*1219;HLA-C*1510;HLA-C*1601;HLA-C*1604;HLA-C*1606;HLA-C*1607;HLA-E*01:03;HLA-F*0101;HLA-F*0102;HLA-F*0103;HLA-G*0101;MH1-K1*02;MH1-K1b;MH1-K1w28
6	HLA-B*3508;MH1*0401
7	H2-D1*02;H2-D1b;HLA-A*0201;HLA-A*0203;HLA-A*0204;HLA-A*0207;HLA-A*0209;HLA-A*0212;HLA-A*0213;HLA-A*0216;HLA-A*0217;HLA-A*0218;HLA-A*0219;HLA-A*0220;HLA-A*0222;HLA-A*0224;HLA-A*0225;HLA-A*0226;HLA-A*0227;HLA-A*0229;HLA-A*0233;HLA-A*0236;HLA-A*0237;HLA-A*0238;HLA-A*0239;HLA-A*0240;HLA-A*0249;HLA-A*0252;HLA-A*0258;HLA-A*0260;HLA-A*0264;HLA-A*0265;HLA-A*0266;HLA-A*0267;HLA-A*0268;HLA-A*0271;HLA-A*0273;HLA-A*0274;HLA-A*0275;HLA-A*0277;HLA-A*0280;HLA-A*0285;HLA-A*0286;HLA-A*0289;HLA-A*0293;HLA-A*0295;HLA-A*0296;HLA-A*0297;HLA-A*02:11;HLA-A*02:12;HLA-A*02:17;HLA-A*03:01;HLA-A*03:02;HLA-A*2301;HLA-A*2302;HLA-A*2303;HLA-A*2304;HLA-A*2310;HLA-A*2314;HLA-A*2315;HLA-A*2316;HLA-A*2317;HLA-A*2318;HLA-A*2319;HLA-A*2320;HLA-A*2323;HLA-A*2324;HLA-A*2325;HLA-A*2402;HLA-A*2403;HLA-A*2405;HLA-A*2406;HLA-A*2410;HLA-A*2413;HLA-A*2414;HLA-A*2415;HLA-A*2417;HLA-A*2418;HLA-A*2422;HLA-A*2423;HLA-A*2426;HLA-A*2427;HLA-A*2433;HLA-A*2439;HLA-A*2441;HLA-A*2443;HLA-A*2446;HLA-A*2451;HLA-A*2452;HLA-A*2453;HLA-A*2454;HLA-A*2455;HLA-A*2456;HLA-A*2457;HLA-A*2459;HLA-A*2462;HLA-A*2464;HLA-A*2466;HLA-A*2468;HLA-A*2470;HLA-A*2471;HLA-A*2472;HLA-A*2473;HLA-A*2475;HLA-A*2476;HLA-A*2478;HLA-A*2479;HLA-A*2481;HLA-A*2485;HLA-A*2487;HLA-A*2491;HLA-A*2492;HLA-A*2493;HLA-A*2494;HLA-A*2496;HLA-A*2497;HLA-A*2498;HLA-A*2499;HLA-A*24:02;HLA-A*29:02;HLA-A*9201;HLA-A*9202;HLA-A*9204;HLA-A*9205;HLA-A*9210;HLA-A*9211;HLA-A*9214;HLA-A*9217;HLA-A*9218;HLA-A*9221;HLA-A*9230;HLA-A*9231;HLA-A*9232;HLA-A*9234;HLA-A*9235;HLA-A*9240;HLA-A*9245;HLA-A*9247;HLA-A*9248;HLA-A*9249;HLA-A*9251;HLA-A*9252;HLA-A*9253;HLA-A*9256;HLA-A*9257;HLA-A*9259;HLA-A*9262;HLA-A*9263;HLA-A*9264;HLA-A*9265;HLA-A*9266;HLA-A*9267;HLA-A*9268;HLA-A*9271;HLA-A*9274;HLA-A*9277;HLA-A*9282;HLA-A*9283;HLA-A*9287;HLA-A*9288;HLA-A*9289;HLA-A*9290;HLA-A*9291;HLA-A*9293;HLA-A*9294;HLA-A*9297;HLA-A*9298;HLA-A*9299;HLA-B*0702;HLA-B*0704;HLA-B*0705;HLA-B*0706;HLA-B*0707;HLA-B*0709;HLA-B*0712;HLA-B*0714;HLA-B*0717;HLA-B*0718;HLA-B*0719;HLA-B*0720;HLA-B*0722;HLA-B*0724;HLA-B*0725;HLA-B*0726;HLA-B*0728;HLA-B*0731;HLA-B*0733;HLA-B*0734;HLA-B*0735;HLA-B*0740;HLA-B*0742;HLA-B*0743;HLA-B*0744;HLA-B*0745;HLA-B*0748;HLA-B*0751;HLA-B*0752;HLA-B*0753;HLA-B*0755;HLA-B*0758;HLA-B*0759;HLA-B*0760;HLA-B*0761;HLA-B*0762;HLA-B*0764;HLA-B*0766;HLA-B*0774;HLA-B*0777;HLA-B*0778;HLA-B*0780;HLA-B*0782;HLA-B*0784;HLA-B*0787;HLA-B*0789;HLA-B*0790;HLA-B*0793;HLA-B*0795;HLA-B*0796;HLA-B*0798;HLA-B*0799;HLA-B*0801;HLA-B*0807;HLA-B*0809;HLA-B*0811;HLA-B*0812;HLA-B*0813;HLA-B*0814;HLA-B*0818;HLA-B*0820;HLA-B*0821;HLA-B*0822;HLA-B*0825;HLA-B*0827;HLA-B*0828;HLA-B*0831;HLA-B*0832;HLA-B*0833;HLA-B*0835;HLA-B*0837;HLA-B*0839;HLA-B*0840;HLA-B*0842;HLA-B*0843;HLA-B*0848;HLA-B*0849;HLA-B*0853;HLA-B*0855;HLA-B*0858;HLA-B*0860;HLA-B*13:02;HLA-B*2703;HLA-B*2705;HLA-B*2707;HLA-B*2709;HLA-B*2710;HLA-B*2713;HLA-B*2714;HLA-B*2719;HLA-B*2727;HLA-B*2728;HLA-B*2732;HLA-B*2734;HLA-B*2735;HLA-B*2738;HLA-B*2741;HLA-B*2743;HLA-B*2745;HLA-B*2746;HLA-B*2747;HLA-B*2750;HLA-B*2754;HLA-B*2755;HLA-B*2756;HLA-B*2758;HLA-B*2760;HLA-B*3501;HLA-B*3542;HLA-B*3701;HLA-B*3702;HLA-B*3704;HLA-B*3709;HLA-B*4002;HLA-B*4003;HLA-B*4004;HLA-B*4005;HLA-B*4006;HLA-B*4009;HLA-B*4018;HLA-B*4020;HLA-B*4024;HLA-B*4026;HLA-B*4027;HLA-B*4028;HLA-B*4035;HLA-B*4039;HLA-B*4044;HLA-B*4056;HLA-B*4064;HLA-B*4070;HLA-B*4071;HLA-B*4074;HLA-B*4078;HLA-B*4082;HLA-B*4085;HLA-B*4086;HLA-B*4089;HLA-B*4090;HLA-B*4091;HLA-B*4095;HLA-B*4097;HLA-B*4098;HLA-B*4099;HLA-B*4201;HLA-B*4204;HLA-B*4205;HLA-B*4206;HLA-B*4208;HLA-B*4210;HLA-B*4212;HLA-B*4213;HLA-B*4402;HLA-B*4403;HLA-B*4404;HLA-B*4405;HLA-B*4410;HLA-B*4414;HLA-B*4416;HLA-B*4417;HLA-B*4420;HLA-B*4421;HLA-B*4427;HLA-B*4428;HLA-B*4429;HLA-B*4430;HLA-B*4431;HLA-B*4433;HLA-B*4435;HLA-B*4436;HLA-B*4437;HLA-B*4438;HLA-B*4441;HLA-B*4442;HLA-B*4443;HLA-B*4445;HLA-B*4447;HLA-B*4448;HLA-B*4451;HLA-B*4453;HLA-B*4454;HLA-B*4459;HLA-B*4462;HLA-B*4464;HLA-B*4465;HLA-B*4466;HLA-B*4468;HLA-B*4470;HLA-B*4471;HLA-B*4473;HLA-B*4474;HLA-B*4476;HLA-B*4477;HLA-B*4478;HLA-B*4479;HLA-B*4482;HLA-B*4487;HLA-B*4488;HLA-B*4489;HLA-B*4491;HLA-B*4492;HLA-B*4494;HLA-B*4496;HLA-B*4498;HLA-B*4499;HLA-B*4704;HLA-B*5101;HLA-B*5510;HLA-B*6701;HLA-B*8101;HLA-B*8102;HLA-B*8103;HLA-B*9580;HLA-C*0102;HLA-C*0103;HLA-C*0104;HLA-C*0105;HLA-C*0106;HLA-C*0107;HLA-C*0108;HLA-C*0109;HLA-C*0110;HLA-C*0111;HLA-C*0112;HLA-C*0113;HLA-C*04:01;HLA-C*05:01;HLA-C*1205;HLA-C*1209;HLA-C*1510;HLA-C*15:02;HLA-C*1602;HLA-E*0101;HLA-E*0103;MH1*0401;MH1-K1b
8	HLA-A*02:01;HLA-A*74:01
9	H2-D1*02;H2-D1b;H2-T23*02;HLA-A*0201;HLA-A*0203;HLA-A*0204;HLA-A*0207;HLA-A*0209;HLA-A*0212;HLA-A*0213;HLA-A*0216;HLA-A*0217;HLA-A*0218;HLA-A*0219;HLA-A*0220;HLA-A*0222;HLA-A*0224;HLA-A*0225;HLA-A*0226;HLA-A*0227;HLA-A*0229;HLA-A*0233;HLA-A*0236;HLA-A*0237;HLA-A*0238;HLA-A*0239;HLA-A*0240;HLA-A*0249;HLA-A*0252;HLA-A*0258;HLA-A*0260;HLA-A*0264;HLA-A*0265;HLA-A*0266;HLA-A*0267;HLA-A*0268;HLA-A*0271;HLA-A*0273;HLA-A*0274;HLA-A*0275;HLA-A*0277;HLA-A*0278;HLA-A*0280;HLA-A*0285;HLA-A*0286;HLA-A*0289;HLA-A*0293;HLA-A*0295;HLA-A*0296;HLA-A*0297;HLA-A*02:05;HLA-A*02:06;HLA-A*02:11;HLA-A*02:12;HLA-A*02:16;HLA-A*02:17;HLA-A*02:19;HLA-A*0312;HLA-A*1101;HLA-A*1102;HLA-A*1103;HLA-A*1104;HLA-A*1105;HLA-A*1106;HLA-A*1107;HLA-A*1108;HLA-A*1109;HLA-A*1110;HLA-A*1111;HLA-A*1112;HLA-A*1113;HLA-A*1115;HLA-A*1120;HLA-A*1122;HLA-A*1123;HLA-A*1124;HLA-A*1125;HLA-A*1126;HLA-A*1127;HLA-A*1129;HLA-A*1130;HLA-A*1131;HLA-A*1132;HLA-A*1133;HLA-A*1134;HLA-A*1135;HLA-A*1136;HLA-A*1139;HLA-A*1141;HLA-A*1144;HLA-A*1148;HLA-A*1150;HLA-A*1154;HLA-A*1159;HLA-A*11:01;HLA-A*11:02;HLA-A*25:01;HLA-A*26:03;HLA-A*3001;HLA-A*3003;HLA-A*30:01;HLA-A*31:01;HLA-A*32:07;HLA-A*32:15;HLA-A*3402;HLA-A*3403;HLA-A*3406;HLA-A*6601;HLA-A*6602;HLA-A*6604;HLA-A*6606;HLA-A*6607;HLA-A*6608;HLA-A*6609;HLA-A*6610;HLA-A*6612;HLA-A*66:01;HLA-A*6801;HLA-A*6806;HLA-A*6807;HLA-A*6808;HLA-A*6809;HLA-A*6812;HLA-A*6816;HLA-A*6817;HLA-A*6819;HLA-A*6821;HLA-A*6823;HLA-A*6825;HLA-A*6826;HLA-A*6827;HLA-A*6833;HLA-A*6838;HLA-A*6841;HLA-A*6842;HLA-A*6847;HLA-A*68:01;HLA-A*6901;HLA-A*69:01;HLA-A*80:01;HLA-A*9201;HLA-A*9202;HLA-A*9204;HLA-A*9205;HLA-A*9210;HLA-A*9211;HLA-A*9214;HLA-A*9217;HLA-A*9218;HLA-A*9221;HLA-A*9230;HLA-A*9231;HLA-A*9232;HLA-A*9234;HLA-A*9235;HLA-A*9240;HLA-A*9245;HLA-A*9247;HLA-A*9248;HLA-A*9249;HLA-A*9251;HLA-A*9252;HLA-A*9253;HLA-A*9256;HLA-A*9257;HLA-A*9259;HLA-A*9262;HLA-A*9263;HLA-A*9264;HLA-A*9265;HLA-A*9266;HLA-A*9267;HLA-A*9268;HLA-A*9271;HLA-A*9274;HLA-A*9277;HLA-A*9282;HLA-A*9283;HLA-A*9287;HLA-A*9288;HLA-A*9289;HLA-A*9290;HLA-A*9291;HLA-A*9293;HLA-A*9294;HLA-A*9297;HLA-A*9298;HLA-B*0702;HLA-B*0704;HLA-B*0705;HLA-B*0706;HLA-B*0707;HLA-B*0709;HLA-B*0712;HLA-B*0714;HLA-B*0717;HLA-B*0718;HLA-B*0719;HLA-B*0720;HLA-B*0722;HLA-B*0724;HLA-B*0725;HLA-B*0726;HLA-B*0728;HLA-B*0731;HLA-B*0733;HLA-B*0734;HLA-B*0735;HLA-B*0740;HLA-B*0742;HLA-B*0743;HLA-B*0744;HLA-B*0745;HLA-B*0748;HLA-B*0751;HLA-B*0752;HLA-B*0753;HLA-B*0755;HLA-B*0758;HLA-B*0759;HLA-B*0760;HLA-B*0761;HLA-B*0762;HLA-B*0764;HLA-B*0766;HLA-B*0769;HLA-B*0774;HLA-B*0777;HLA-B*0778;HLA-B*0780;HLA-B*0782;HLA-B*0784;HLA-B*0785;HLA-B*0787;HLA-B*0789;HLA-B*0790;HLA-B*0793;HLA-B*0795;HLA-B*0796;HLA-B*0798;HLA-B*0799;HLA-B*07:02;HLA-B*1401;HLA-B*1402;HLA-B*1408;HLA-B*1410;HLA-B*1412;HLA-B*14:01;HLA-B*1501;HLA-B*1504;HLA-B*1512;HLA-B*1514;HLA-B*1519;HLA-B*1520;HLA-B*1525;HLA-B*1527;HLA-B*1532;HLA-B*1542;HLA-B*1558;HLA-B*1573;HLA-B*1577;HLA-B*1583;HLA-B*15:02;HLA-B*1801;HLA-B*1802;HLA-B*1805;HLA-B*1808;HLA-B*1810;HLA-B*1811;HLA-B*1813;HLA-B*1814;HLA-B*1815;HLA-B*1818;HLA-B*1819;HLA-B*1820;HLA-B*1821;HLA-B*1822;HLA-B*1826;HLA-B*1827;HLA-B*1828;HLA-B*1830;HLA-B*1831;HLA-B*1832;HLA-B*1834;HLA-B*1835;HLA-B*1836;HLA-B*1838;HLA-B*1839;HLA-B*1840;HLA-B*1841;HLA-B*1844;HLA-B*1846;HLA-B*18:01;HLA-B*2705;HLA-B*2706;HLA-B*2707;HLA-B*2709;HLA-B*2710;HLA-B*2713;HLA-B*2714;HLA-B*2719;HLA-B*2727;HLA-B*2728;HLA-B*2732;HLA-B*2734;HLA-B*2735;HLA-B*2738;HLA-B*2741;HLA-B*2743;HLA-B*2745;HLA-B*2746;HLA-B*2747;HLA-B*2750;HLA-B*2754;HLA-B*2755;HLA-B*2756;HLA-B*2758;HLA-B*2760;HLA-B*27:01;HLA-B*27:02;HLA-B*27:03;HLA-B*27:05;HLA-B*27:06;HLA-B*27:09;HLA-B*27:20;HLA-B*3501;HLA-B*3502;HLA-B*3503;HLA-B*3504;HLA-B*3505;HLA-B*3506;HLA-B*3508;HLA-B*3509;HLA-B*3512;HLA-B*3514;HLA-B*3515;HLA-B*3517;HLA-B*3518;HLA-B*3521;HLA-B*3522;HLA-B*3523;HLA-B*3524;HLA-B*3530;HLA-B*3531;HLA-B*3532;HLA-B*3533;HLA-B*3534;HLA-B*3535;HLA-B*3537;HLA-B*3538;HLA-B*3539;HLA-B*3541;HLA-B*3542;HLA-B*3544;HLA-B*3545;HLA-B*3548;HLA-B*3551;HLA-B*3555;HLA-B*3557;HLA-B*3558;HLA-B*3559;HLA-B*3560;HLA-B*3561;HLA-B*3562;HLA-B*3563;HLA-B*3564;HLA-B*3565;HLA-B*3566;HLA-B*3567;HLA-B*3568;HLA-B*3570;HLA-B*3571;HLA-B*3575;HLA-B*3579;HLA-B*3581;HLA-B*3583;HLA-B*3586;HLA-B*3587;HLA-B*3588;HLA-B*3589;HLA-B*3591;HLA-B*3593;HLA-B*3594;HLA-B*3596;HLA-B*3598;HLA-B*3599;HLA-B*35:01;HLA-B*35:03;HLA-B*35:08;HLA-B*3901;HLA-B*3903;HLA-B*3906;HLA-B*3909;HLA-B*3914;HLA-B*3915;HLA-B*3918;HLA-B*3924;HLA-B*3926;HLA-B*3928;HLA-B*3929;HLA-B*3930;HLA-B*3932;HLA-B*3933;HLA-B*3934;HLA-B*3935;HLA-B*3936;HLA-B*3938;HLA-B*3942;HLA-B*3943;HLA-B*3944;HLA-B*3946;HLA-B*3947;HLA-B*3948;HLA-B*3950;HLA-B*3951;HLA-B*3953;HLA-B*3957;HLA-B*4001;HLA-B*4016;HLA-B*4023;HLA-B*4051;HLA-B*4059;HLA-B*4060;HLA-B*4072;HLA-B*4077;HLA-B*40:01;HLA-B*40:13;HLA-B*4101;HLA-B*4102;HLA-B*4201;HLA-B*4202;HLA-B*4204;HLA-B*4205;HLA-B*4206;HLA-B*4208;HLA-B*4209;HLA-B*4210;HLA-B*4212;HLA-B*4213;HLA-B*4501;HLA-B*4504;HLA-B*45:01;HLA-B*4601;HLA-B*4603;HLA-B*4606;HLA-B*4608;HLA-B*4609;HLA-B*4611;HLA-B*4612;HLA-B*4613;HLA-B*4617;HLA-B*4618;HLA-B*4619;HLA-B*4621;HLA-B*46:01;HLA-B*5001;HLA-B*5002;HLA-B*5301;HLA-B*5510;HLA-B*5701;HLA-B*5702;HLA-B*5703;HLA-B*5706;HLA-B*5711;HLA-B*5712;HLA-B*57:03;HLA-B*6701;HLA-B*7802;HLA-B*7804;HLA-B*8101;HLA-B*8102;HLA-B*8103;HLA-B*83:01;HLA-B*9528;HLA-B*9541;HLA-B*9546;HLA-C*0102;HLA-C*0103;HLA-C*0104;HLA-C*0105;HLA-C*0106;HLA-C*0107;HLA-C*0108;HLA-C*0109;HLA-C*0110;HLA-C*0111;HLA-C*0112;HLA-C*0113;HLA-C*0318;HLA-C*03:03;HLA-C*0401;HLA-C*0430;HLA-C*0433;HLA-C*06:02;HLA-C*07:01;HLA-C*0801;HLA-C*0802;HLA-C*0803;HLA-C*0804;HLA-C*0806;HLA-C*0807;HLA-C*0808;HLA-C*0809;HLA-C*0811;HLA-C*0812;HLA-C*0813;HLA-C*0815;HLA-C*0819;HLA-C*0820;HLA-C*0822;HLA-C*0823;HLA-C*0824;HLA-C*0827;HLA-C*0828;HLA-C*0829;HLA-C*0830;HLA-C*0831;HLA-C*08:03;HLA-C*1212;HLA-C*12:03;HLA-C*1510;HLA-C*1601;HLA-C*1604;HLA-C*1606;HLA-C*1607;HLA-E*0101;HLA-E*0103;HLA-E*01:01;HLA-G*0101;MH1*0401;MH1-A*02;MH1-K1*02;MH1-K1b;MH1-K1k;MH1-N*01802;RT1-A
10	HLA-B*37:01
